review,analysis
Попробовала пока только 1 шоколадный. Мне понравился. Хотя обычно я не могу пить протеиновые коктейли. Но этот вкусный.,"{""sentiment"": ""positive"", ""topic"": ""taste""}"
Хороший протеин ! Вкусный и размешивается без комочков ! Рекомендую !,"{""sentiment"": ""positive"", ""topic"": ""taste""}"
Понравился протеин,"ERROR: Error code: 403 - {'error': {'message': 'Provider returned error', 'code': 403, 'metadata': {'raw': 'Venice.ai is at capacity.', 'provider_name': 'Venice', 'is_byok': False}}, 'user_id': 'user_2w7WllqcqBdLN9220BTwF2bBJXo'}"
В целом нормальный,"{""sentiment"":""neutral"",""topic"":""effectiveness""}"
Удобно брать с собой,"{""sentiment"":""neutral"",""topic"":""packaging""}"
Очень приторно . Зачем так сладко? Развожу одну мерную ложку на 300 гр,"{""sentiment"": ""negative"", ""topic"": ""taste""}"
Протеин за свою цену хороший. Вкус приятный.,"{""sentiment"":""positive"",""topic"":""taste""}"
Не до конца растворяется,"{""sentiment"":""negative"",""topic"":""solubility""}"
Пахнет клубникой,"{""sentiment"": ""positive"", ""topic"": ""taste""}"
Взяла 5 вкусов,"{""sentiment"":""neutral"",""topic"":""taste""}"
Нормальный протеин и без сахара и не дорогой рекомендую,"{""sentiment"":""positive"",""topic"":""price""}"
Вкусный,"{""sentiment"": ""positive"", ""topic"": ""taste""}"
Хватает ориентировочно на месяц почти ежедневного использования,"ERROR: Error code: 403 - {'error': {'message': 'Provider returned error', 'code': 403, 'metadata': {'raw': 'Venice.ai is at capacity.', 'provider_name': 'Venice', 'is_byok': False}}, 'user_id': 'user_2w7WllqcqBdLN9220BTwF2bBJXo'}"
Вкус неплохой. Стало меньше тянуть на сладкое. Восстанавливаюсь легче после тренировок,"ERROR: Error code: 403 - {'error': {'message': 'Provider returned error', 'code': 403, 'metadata': {'raw': 'Venice.ai is at capacity.', 'provider_name': 'Venice', 'is_byok': False}}, 'user_id': 'user_2w7WllqcqBdLN9220BTwF2bBJXo'}"
